"gender","name.title","name.first","name.last","location.street.number","location.street.name","location.city","location.state","location.country","location.postcode","location.coordinates.latitude","location.coordinates.longitude","location.timezone.offset","location.timezone.description","email","login.uuid","login.username","login.password","login.salt","login.md5","login.sha1","login.sha256","dob.date","dob.age","registered.date","registered.age","phone","cell","id.name","id.value","picture.large","picture.medium","picture.thumbnail","nat"
"female","Ms","April","Turner","3555","Stevens Creek Blvd","Steilacoom","Colorado","United States","43038","-84.2898","96.9189","+9:30","Adelaide, Darwin","april.turner@example.com","1eee5cd1-5d87-4b85-8426-769452accb56","happyladybug455","binladen","1FETGwWq","428c2ee192fe7c678ab037c1496bc93c","1116a1b1d91ca52f35a30c12cdc2c270edf85aeb","04c2168795e4250e9a84eda7e893189d719e932c514ea6198fef0107ce0526b1","1977-12-05T16:10:59.858Z","44","2006-10-19T14:37:47.632Z","15","(167)-873-3197","(349)-328-1999","SSN","676-14-9616","https://randomuser.me/api/portraits/women/34.jpg","https://randomuser.me/api/portraits/med/women/34.jpg","https://randomuser.me/api/portraits/thumb/women/34.jpg","US"
"female","Ms","Pearl","Simpson","4812","Samaritan Dr","Grand Prairie","North Dakota","United States","77462","-71.5695","157.8563","+9:30","Adelaide, Darwin","pearl.simpson@example.com","c67e63d2-eef9-4ba1-afa2-aeacdee7b5ab","beautifulmeercat522","scarlet","rrwt5LWs","aed2650828c5d498512315ddf2684e3e","dc4ad9c56e08b17d19caef52b50b058735f20e19","e06bbb85f50acd4ba228947235abab1a97b8aecde7a5cb54c8e0d964e945b1ee","1965-01-28T04:32:55.595Z","56","2015-10-29T21:49:20.875Z","6","(233)-013-2706","(240)-601-3362","SSN","960-11-5992","https://randomuser.me/api/portraits/women/1.jpg","https://randomuser.me/api/portraits/med/women/1.jpg","https://randomuser.me/api/portraits/thumb/women/1.jpg","US"
"male","Mr","Chester","Morrison","2662","Spring St","Irvine","Tennessee","United States","99506","-38.5191","-78.5168","-12:00","Eniwetok, Kwajalein","chester.morrison@example.com","54e9c4c1-976c-4046-9124-4c0a370b0255","bigladybug404","shaker","8kkw8m01","a32c948906f17563add7289998c90094","518be9a16acf0871cedcf7b41d7323c8cde5b458","edec9f82d068b29baa53e6ff7839b92a6c3e3f403cb2f13174ea39907b76ee6b","1952-12-14T15:31:32.790Z","69","2007-05-21T19:36:24.038Z","14","(234)-902-3565","(768)-186-0757","SSN","048-08-1386","https://randomuser.me/api/portraits/men/63.jpg","https://randomuser.me/api/portraits/med/men/63.jpg","https://randomuser.me/api/portraits/thumb/men/63.jpg","US"
"female","Ms","Rosemary","Holt","6291","Thornridge Cir","Baltimore","Alabama","United States","64394","32.1907","-94.4663","0:00","Western Europe Time, London, Lisbon, Casablanca","rosemary.holt@example.com","f91229ff-3d12-4904-87df-f225f3fdc175","tinyrabbit841","charlie123","miMooZdk","ffecd07fb218028fab96439affee096f","83ddafe9c1523c51e91cd40e313f7bf913e44d95","0b74fead7174a9858b9994c62f4c3cc3704365b7f9b65d79e96b081e23485f3e","1982-01-24T23:42:12.640Z","39","2007-04-14T03:10:15.684Z","14","(541)-583-5766","(657)-887-2328","SSN","485-78-1778","https://randomuser.me/api/portraits/women/64.jpg","https://randomuser.me/api/portraits/med/women/64.jpg","https://randomuser.me/api/portraits/thumb/women/64.jpg","US"
"female","Ms","Anita","Wells","5185","White Oak Dr","Centennial","Michigan","United States","10464","-62.3712","-73.7849","-6:00","Central Time (US & Canada), Mexico City","anita.wells@example.com","a446e135-8a9c-49e1-9a0c-8c17d0d25da4","yellowfrog427","mike123","S8Hia0yl","433d4609f91639e4ff857e299242c761","5e55df6b3431463455f77c41ce6ea97750ede47a","4c8d85a111f173194574b3b7c9a38be381ddd34bfec99d1a36425e1d892d41c3","1962-07-19T04:31:09.938Z","59","2019-09-02T13:48:51.158Z","2","(985)-858-5308","(536)-297-3236","SSN","792-90-8957","https://randomuser.me/api/portraits/women/93.jpg","https://randomuser.me/api/portraits/med/women/93.jpg","https://randomuser.me/api/portraits/thumb/women/93.jpg","US"
"female","Mrs","Carolyn","Wilson","7737","Taylor St","Downey","South Carolina","United States","91263","6.5728","114.4328","-9:00","Alaska","carolyn.wilson@example.com","6d7ad109-3293-43d0-a3dc-db4a8628e48c","angryswan230","skunk","jIM1zWMt","f01ee236165ee73f2589b80b4ebdc7d8","262b60b01e9270b0a5e0da32c0251a5fff82bebd","24664e2cb7d8949c81a0aab7a310b6c3a7367f28c0056f79f7e93b5ac575c93a","1972-02-07T08:21:34.285Z","49","2006-09-24T04:51:25.294Z","15","(442)-160-4673","(481)-922-6610","SSN","964-32-7906","https://randomuser.me/api/portraits/women/0.jpg","https://randomuser.me/api/portraits/med/women/0.jpg","https://randomuser.me/api/portraits/thumb/women/0.jpg","US"
"female","Miss","Emily","Porter","103","E Sandy Lake Rd","Santa Ana","Connecticut","United States","96133","32.0035","48.6830","+3:00","Baghdad, Riyadh, Moscow, St. Petersburg","emily.porter@example.com","a8becb46-3d6d-48bd-abbe-8f0fa38f260b","beautifulwolf924","coyote","a1U03kaU","0c2c3a1fb644ebdd27c7cfbf275d71bf","90388b6c817b6d0234ab837fef05c3f7de77311b","5ae4e9779e8ad03763d8aab501aee7528229fcdafab829203dfd107b3ab3948d","1971-01-06T06:56:55.535Z","50","2014-02-17T16:57:28.239Z","7","(969)-721-8338","(608)-667-0163","SSN","858-12-2541","https://randomuser.me/api/portraits/women/80.jpg","https://randomuser.me/api/portraits/med/women/80.jpg","https://randomuser.me/api/portraits/thumb/women/80.jpg","US"
"female","Ms","Katrina","Watkins","438","Wheeler Ridge Dr","Baton Rouge","Michigan","United States","48527","82.0161","16.5061","-9:00","Alaska","katrina.watkins@example.com","20f629f5-55ff-4fe9-99d8-51d84a4fc545","goldenmeercat941","amazing","pOpABJFQ","fa0c0cc61b5d85b02232a121540cd23b","6d72d016aca2733cc5c634cf6dfab5d309885aaf","ea0046b417505c702cccf3088bde5a4c80ad01ef3bde4d349e45a518931eba9d","1977-06-23T16:36:12.863Z","44","2018-06-04T21:57:44.899Z","3","(895)-476-4634","(035)-069-6095","SSN","455-91-3505","https://randomuser.me/api/portraits/women/11.jpg","https://randomuser.me/api/portraits/med/women/11.jpg","https://randomuser.me/api/portraits/thumb/women/11.jpg","US"
"female","Miss","Jackie","Perkins","1665","Pecan Acres Ln","Seymour","Indiana","United States","65749","23.1439","73.5803","+4:00","Abu Dhabi, Muscat, Baku, Tbilisi","jackie.perkins@example.com","f4f0de9c-df2f-461c-83ce-28ad6c95d0d2","redswan846","apple123","Ijwymc0K","8dc41db11769c0cb3c72dca40593d0b8","d61636eacdbe000a1aedaf58f29fb52b869a2346","b55ec0ab21980c9a62d986da1e23414f6ee439f4ccb66daa81e77edf9774d11c","1954-11-21T16:50:46.270Z","67","2012-06-24T21:11:52.064Z","9","(934)-789-0987","(223)-883-3634","SSN","111-29-3613","https://randomuser.me/api/portraits/women/50.jpg","https://randomuser.me/api/portraits/med/women/50.jpg","https://randomuser.me/api/portraits/thumb/women/50.jpg","US"
"female","Mrs","Tamara","Jimenez","2850","Green Rd","Frederick","Vermont","United States","33139","1.3393","-87.2681","+1:00","Brussels, Copenhagen, Madrid, Paris","tamara.jimenez@example.com","07631b16-bb56-4d3f-84aa-20fa754cf0a6","purplecat684","hairy","fRBejiVa","2f9ad8ccbe894238f839d558517270a8","b44420b4887d74947fea219cf1d53d07d3b64ecc","9d8741ef903c2bb8c4ad9dbc5e8abd9d8c503b534f24e8dab216c430ec30806d","1996-03-24T06:21:26.019Z","25","2014-09-23T09:01:29.510Z","7","(467)-173-8466","(998)-164-0733","SSN","183-74-0916","https://randomuser.me/api/portraits/women/79.jpg","https://randomuser.me/api/portraits/med/women/79.jpg","https://randomuser.me/api/portraits/thumb/women/79.jpg","US"
"male","Mr","Francis","Sims","2447","W Sherman Dr","Evansville","Idaho","United States","79714","19.1216","-70.0835","+4:00","Abu Dhabi, Muscat, Baku, Tbilisi","francis.sims@example.com","b4803c2f-0dbf-4e20-841f-e7ade9fb32d4","bigpeacock212","melissa1","ujXpyGnL","121532b7da8201fe20103c01ce8f8ef6","6f64b5c79025f63ba0cb60150c69de50c1947faa","53abc9aba619b4aca2cfe0c78367a7ea7fefadbc0a967c5e730e7276647d53fe","1986-01-04T11:07:43.941Z","35","2006-04-23T06:22:33.217Z","15","(862)-318-7947","(061)-182-7259","SSN","119-45-1529","https://randomuser.me/api/portraits/men/94.jpg","https://randomuser.me/api/portraits/med/men/94.jpg","https://randomuser.me/api/portraits/thumb/men/94.jpg","US"
"male","Mr","Francis","Simpson","9004","Hickory Creek Dr","Lubbock","Nebraska","United States","78090","-25.4460","130.6787","-3:00","Brazil, Buenos Aires, Georgetown","francis.simpson@example.com","a0ca9b01-b6d8-4d23-b962-9f8ff10f1663","sadbear948","flame","kB6xAEWa","0668f539d2027d1997d553004ab3d936","2730a1d6fedffc9dabb939a642bb41ff8e30fb04","98a53e5de7b6f2b027926159114304681e2ab47f49477332206f4e96399e2892","1970-12-20T15:04:34.810Z","51","2013-07-06T19:10:21.711Z","8","(269)-163-5443","(129)-089-8046","SSN","274-64-9050","https://randomuser.me/api/portraits/men/93.jpg","https://randomuser.me/api/portraits/med/men/93.jpg","https://randomuser.me/api/portraits/thumb/men/93.jpg","US"
"male","Mr","Leroy","Sanders","63","Depaul Dr","Las Vegas","Utah","United States","79669","28.9136","-92.0060","+5:30","Bombay, Calcutta, Madras, New Delhi","leroy.sanders@example.com","6798a159-e9e1-4df8-bc96-a560580afa0e","purplefrog122","pandora","nSMwPhZQ","fce8568d782425d43e939d6cd16ccf51","12a602db56fcfcc528f1a8e5437de67749eef9e5","2a232128df6ccbe453df9dc5ad2af9fb16148e51913b56025253b8a955b7efaf","1994-08-10T11:30:21.663Z","27","2009-07-28T09:19:40.581Z","12","(085)-033-9796","(129)-940-7719","SSN","845-83-0099","https://randomuser.me/api/portraits/men/10.jpg","https://randomuser.me/api/portraits/med/men/10.jpg","https://randomuser.me/api/portraits/thumb/men/10.jpg","US"
"male","Mr","Jimmy","Fernandez","3849","Brown Terrace","Boston","Washington","United States","69597","3.1698","-8.8834","+1:00","Brussels, Copenhagen, Madrid, Paris","jimmy.fernandez@example.com","88f25808-fd6b-4492-9d49-825630f91add","greenelephant294","010101","EleoJIqr","e6ecd7d8371e6022e10105103277e0c4","23555f8465924e3f4dd6cb587ea294e583ea3d1e","e7946c393dc190b231c58146d7431e841d84ed3efca49cba57ddcc8d05c9c074","1993-12-29T14:55:51.076Z","28","2016-08-06T22:07:47.662Z","5","(752)-336-9632","(815)-690-5209","SSN","925-14-5087","https://randomuser.me/api/portraits/men/11.jpg","https://randomuser.me/api/portraits/med/men/11.jpg","https://randomuser.me/api/portraits/thumb/men/11.jpg","US"
"female","Mrs","Veronica","Reed","720","Dogwood Ave","Temecula","Wisconsin","United States","96383","-55.9302","30.9378","-6:00","Central Time (US & Canada), Mexico City","veronica.reed@example.com","8f56cef0-fec4-435e-a559-572114e5b268","silvermouse618","zhui","Fwz2f6mn","8b29f2db7479940985cb5de82f02f61d","63bdb9d4bb228f7c6c5d52186b64a22cc8ecae0d","8045de655a8263c4fee72ae21b16c08b9b41efed451643110cb1bc59f60d3efe","1974-07-07T11:28:22.529Z","47","2006-08-23T23:30:05.286Z","15","(043)-688-4773","(139)-607-2282","SSN","802-84-5558","https://randomuser.me/api/portraits/women/52.jpg","https://randomuser.me/api/portraits/med/women/52.jpg","https://randomuser.me/api/portraits/thumb/women/52.jpg","US"
"male","Mr","Ben","Carlson","5086","Plum St","Rio Rancho","Vermont","United States","65225","59.5098","145.0936","+8:00","Beijing, Perth, Singapore, Hong Kong","ben.carlson@example.com","797455e4-1b71-422c-86a2-afbd7ab2c4d7","beautifulpanda979","toriamos","8QLpufLD","dfb5e899fd3a6ad07ecd81bb0952d69d","e23bd5ae6dcca6be6da0d1aca54f75b5920c7374","32cd9d166de2c5014e2ecab3465d0479aa542482d0177900b11f4825bf5a8d68","1968-07-19T20:14:25.718Z","53","2017-12-06T16:01:21.119Z","4","(097)-984-7772","(552)-917-8466","SSN","924-43-8285","https://randomuser.me/api/portraits/men/2.jpg","https://randomuser.me/api/portraits/med/men/2.jpg","https://randomuser.me/api/portraits/thumb/men/2.jpg","US"
"male","Mr","Guy","Hall","823","W Sherman Dr","Durham","Arizona","United States","37779","19.4764","66.0207","+5:30","Bombay, Calcutta, Madras, New Delhi","guy.hall@example.com","fee2a71b-541d-45c7-9e2b-415d93e43c52","sadpanda913","partner","hT66fF38","1995dd34f1966436239d0e77e7e06b2b","2d36f6569d9eaef47561db55a7eb6099e2925d81","5d3d7621ba5ab1207ef043d33dd1b7328cbacdd7d6116081eaf83ee926deea8e","1972-05-21T20:00:39.020Z","49","2002-12-31T21:42:06.441Z","19","(938)-321-5726","(995)-975-2075","SSN","700-75-7789","https://randomuser.me/api/portraits/men/34.jpg","https://randomuser.me/api/portraits/med/men/34.jpg","https://randomuser.me/api/portraits/thumb/men/34.jpg","US"
"female","Mrs","Frances","Williams","5256","Prospect Rd","Ontario","Louisiana","United States","97348","53.5863","-87.2932","-2:00","Mid-Atlantic","frances.williams@example.com","683991c1-c3fe-4945-adbf-7b0b31d4c48f","redsnake555","tito","NiNZx9U0","86ba87fb5680a10e63d8658fef17d464","089969c45f442e18ca0057a3ab7cd605db289e71","a49d931f5cb16f7a961426d977d7002d2cd84d186e5773a85d93d51622a63807","1974-10-29T13:11:47.913Z","47","2014-01-29T14:31:25.180Z","7","(407)-232-1165","(644)-219-3049","SSN","965-71-6788","https://randomuser.me/api/portraits/women/38.jpg","https://randomuser.me/api/portraits/med/women/38.jpg","https://randomuser.me/api/portraits/thumb/women/38.jpg","US"
"male","Mr","Eduardo","Burns","6539","Lovers Ln","Milwaukee","Kentucky","United States","92472","-65.2918","-125.0337","+9:30","Adelaide, Darwin","eduardo.burns@example.com","f68293fc-55d5-4e58-8c27-e667c05b0f7a","whitesnake306","rhythm","J2PMplZj","f77d29fa07a4a46e13c3fdb10b07698d","22bf27f83195319967d6f2f11ba4f5c4ed2add8a","9b8b06bdfb2b104585b7413aa1f6789648e17c5f5f3862417fe70a80011abed6","1953-12-24T17:12:56.701Z","68","2016-10-02T20:25:51.930Z","5","(026)-114-4557","(367)-185-3641","SSN","712-64-8636","https://randomuser.me/api/portraits/men/64.jpg","https://randomuser.me/api/portraits/med/men/64.jpg","https://randomuser.me/api/portraits/thumb/men/64.jpg","US"
"male","Mr","Gerald","Kelley","1907","First Street","Amarillo","Kentucky","United States","73963","78.2254","-98.2067","-2:00","Mid-Atlantic","gerald.kelley@example.com","9e3a4876-614e-41df-a179-3b797e180939","heavyfrog311","nymets","laYXYHaP","f1e338fe1a867a4d635b7039a1d5605f","619d7687d907bcead4cbee8a668e380127aac12e","32ff1481d9b3621a364fe59f1817b73f2984e835bf0937615cf65fbffbe8e9f2","1990-02-13T23:14:35.070Z","31","2010-08-26T14:23:15.124Z","11","(074)-332-1494","(032)-658-2713","SSN","999-14-3554","https://randomuser.me/api/portraits/men/28.jpg","https://randomuser.me/api/portraits/med/men/28.jpg","https://randomuser.me/api/portraits/thumb/men/28.jpg","US"
"female","Mrs","Brianna","Fowler","2422","Wycliff Ave","Shelby","Massachusetts","United States","53110","56.3548","80.0367","-11:00","Midway Island, Samoa","brianna.fowler@example.com","027dc3b9-5a2d-4baa-90e6-11e8155fcf93","bluerabbit222","victor","ztaxBKFg","e88d166aa9bf66bad36ad694e346ba3b","b5bf30637e6f3275031da51379af5fe5d04b2114","8fd893ec9d973e81c42f608674f0866af81357edd06ee64aaac6cb36adb4090c","1973-09-27T10:47:23.831Z","48","2012-01-20T15:02:17.159Z","9","(074)-055-4417","(797)-966-4348","SSN","354-77-9964","https://randomuser.me/api/portraits/women/93.jpg","https://randomuser.me/api/portraits/med/women/93.jpg","https://randomuser.me/api/portraits/thumb/women/93.jpg","US"
"male","Mr","Terry","Ross","5152","Mockingbird Hill","Seagoville","Nebraska","United States","87907","-42.3098","159.8810","-4:00","Atlantic Time (Canada), Caracas, La Paz","terry.ross@example.com","f60cb2fd-79e4-401f-a068-37601ea73139","brownduck857","asdf1234","dk0sHhof","8f6182532a86fbc3735391c533e2aec4","ac0f016a94bf2084aba179349588dc9473c64ed6","27331a0235b39eb53226a752fe3e84c04dd7fd0f78da4284fb613f3b9e6c6ceb","1970-09-10T20:16:44.518Z","51","2004-08-25T04:27:18.835Z","17","(726)-763-6888","(151)-188-4529","SSN","614-24-6251","https://randomuser.me/api/portraits/men/44.jpg","https://randomuser.me/api/portraits/med/men/44.jpg","https://randomuser.me/api/portraits/thumb/men/44.jpg","US"
"female","Miss","Meghan","Hamilton","878","E Center St","Stockton","South Carolina","United States","87754","11.3570","-86.8270","-10:00","Hawaii","meghan.hamilton@example.com","40543ed1-c945-459f-a54e-29be0830ff38","organicostrich759","jiong","erZFaUm5","0efcff29c4d371d5647ecd23525f0b1f","6716905a2829298d1070bb177bdefd3fbb222653","1d4e712537a003a4ff4edd33bfa633cae0f93598c0248f3e9f915c7b61e8da05","1947-03-07T23:05:16.265Z","74","2008-08-20T06:27:32.738Z","13","(305)-658-5965","(637)-790-8283","SSN","108-19-5777","https://randomuser.me/api/portraits/women/18.jpg","https://randomuser.me/api/portraits/med/women/18.jpg","https://randomuser.me/api/portraits/thumb/women/18.jpg","US"
"male","Mr","Alfredo","Rodriquez","9951","Northaven Rd","Los Lunas","Arizona","United States","93670","-56.3994","-14.1387","-8:00","Pacific Time (US & Canada)","alfredo.rodriquez@example.com","80ecb9fb-6312-4eff-856d-1e33fba98480","organicduck324","picher","xRPBdBD0","b005f04864dabbdf1624dd5885b0fdb5","5624b0be5839d842eff52b4c341b60c4a59a1be0","955775468a0fc2e40ad0be31ba5093a56a8e88c08b5cc2f298d1c55ae3f7bffa","1995-05-09T14:41:35.721Z","26","2011-08-09T06:30:55.463Z","10","(184)-643-6123","(920)-437-3091","SSN","048-05-2666","https://randomuser.me/api/portraits/men/81.jpg","https://randomuser.me/api/portraits/med/men/81.jpg","https://randomuser.me/api/portraits/thumb/men/81.jpg","US"
"male","Mr","Lee","Kim","1987","Lakeshore Rd","Savannah","New York","United States","46881","-8.8257","-59.6371","-3:30","Newfoundland","lee.kim@example.com","add6bc52-6ea1-4b33-a4d0-3e6899d4711d","brownpeacock576","franco","y7QmgFbQ","4339e6a467ade9947f756282dd93bb35","450a5a7c3ac8005362d1085b5c42373376fccea0","3b37f8956ffc0a566d0d78b123f222c0e39bcedd576f90941a8e803e65980a94","1958-07-19T15:41:08.904Z","63","2004-09-09T05:21:55.685Z","17","(918)-091-8692","(837)-382-1282","SSN","149-20-6330","https://randomuser.me/api/portraits/men/57.jpg","https://randomuser.me/api/portraits/med/men/57.jpg","https://randomuser.me/api/portraits/thumb/men/57.jpg","US"
"male","Mr","Craig","Peck","2829","Timber Wolf Trail","Fullerton","Kansas","United States","88651","1.5500","45.5948","-5:00","Eastern Time (US & Canada), Bogota, Lima","craig.peck@example.com","be9fb935-197e-41bf-be00-ebfc6bcb4984","happygorilla643","sniper","N1KlUvBw","557453fbd00e0e190cf7cf80652657ce","249e7361eeac61b6c6b5c4b1f5d153c65660fa4d","2fbdcd98584deae5f96b80c329f3a5c3fcadbfdd248f99abc62bb1ff6657457a","1980-03-25T10:25:57.878Z","41","2005-08-25T17:38:51.186Z","16","(625)-433-4757","(332)-702-3574","SSN","905-86-0266","https://randomuser.me/api/portraits/men/56.jpg","https://randomuser.me/api/portraits/med/men/56.jpg","https://randomuser.me/api/portraits/thumb/men/56.jpg","US"
"female","Ms","Janice","Cox","8135","Fincher Rd","Cape Coral","Hawaii","United States","70178","73.9746","-114.1443","+4:30","Kabul","janice.cox@example.com","be7abe37-75e4-4c9b-965b-1e4041bee18e","orangeleopard764","hound","1DmROv2g","7e9c73a2a41fe31fd9f22e43778af292","612d288efbedce722212727a2f6afda292809a4b","78787e0080f94ec6432a2367eb2d809f9a2e44d8b24b5dbaa16e9ba1d765e95e","1997-09-03T07:14:06.849Z","24","2013-06-05T01:58:10.237Z","8","(805)-969-2697","(295)-559-2056","SSN","079-75-0017","https://randomuser.me/api/portraits/women/34.jpg","https://randomuser.me/api/portraits/med/women/34.jpg","https://randomuser.me/api/portraits/thumb/women/34.jpg","US"
"male","Mr","Isaac","Sanchez","3971","Edwards Rd","Midland","South Dakota","United States","91860","83.6218","62.2626","-8:00","Pacific Time (US & Canada)","isaac.sanchez@example.com","bbe805f5-d542-49c4-aef9-fc840c8b01b9","brownpanda883","sloppy","SDg97prG","4631b5a5bb365c5e4f775d8eeb0b96d7","7f6078758ab3b1169a4d505c7a4b7567a35cfc01","4865a249f2db54416aea1dbead098ce510f0e25802f32d91041aad5ed452072a","1982-12-22T03:02:12.183Z","39","2011-07-05T05:21:37.928Z","10","(027)-254-2974","(398)-376-5492","SSN","966-38-8377","https://randomuser.me/api/portraits/men/62.jpg","https://randomuser.me/api/portraits/med/men/62.jpg","https://randomuser.me/api/portraits/thumb/men/62.jpg","US"
"female","Ms","Alma","Daniels","4859","Lakeview St","Saginaw","Indiana","United States","41675","41.6526","106.0526","+10:00","Eastern Australia, Guam, Vladivostok","alma.daniels@example.com","de4c5f56-8aa5-4fa2-ad6f-cfead88a671c","angrygorilla684","redone","1ZnyLiA6","a2064241f1fd09fb17d6ccb0f7221d04","9a35ce2b0084e5e527a2419025a864f00b288f33","53967929807fe017e32e02f341e2c0685775ec4f4242dec1031508d66055445e","1946-03-10T20:02:33.937Z","75","2011-08-10T08:00:23.366Z","10","(781)-590-8303","(319)-110-8931","SSN","571-33-0237","https://randomuser.me/api/portraits/women/74.jpg","https://randomuser.me/api/portraits/med/women/74.jpg","https://randomuser.me/api/portraits/thumb/women/74.jpg","US"
"male","Mr","Ricky","Newman","9928","Paddock Way","North Charleston","Maryland","United States","49866","-37.2812","-66.8586","-10:00","Hawaii","ricky.newman@example.com","42398a77-32f4-417e-b99c-29bde9441ea7","beautifulbear745","thick","OXA2x3fZ","d1a40820a30b50ed8ad6fe6125beebc8","5477eb0dea341bd70bcbc5445dcd067fac60e0e3","e5b2d354b6857e6b8837fb581f43a172917a80195aaaa04eb2bc83d6cacc9e20","1973-01-23T15:56:35.670Z","48","2012-06-07T00:18:52.045Z","9","(228)-213-6271","(909)-653-4038","SSN","378-60-1833","https://randomuser.me/api/portraits/men/3.jpg","https://randomuser.me/api/portraits/med/men/3.jpg","https://randomuser.me/api/portraits/thumb/men/3.jpg","US"
"male","Mr","Brent","Carlson","4703","Westheimer Rd","Tampa","Mississippi","United States","82933","10.3960","-59.3175","+5:00","Ekaterinburg, Islamabad, Karachi, Tashkent","brent.carlson@example.com","e9daa42d-2cfd-432d-a13a-126798c6ab1c","heavyrabbit905","daffy","RG3HDoGb","16d1e52506f581da367fd309d5c7998f","a3dc477c1eb90aaac0d0de815f5fa165edc377ab","94f9e47aa8cf470d85049ab1cf5a216ae8bca8bea4a70cf794360dd65a659628","1982-05-02T03:18:23.513Z","39","2013-10-21T10:32:57.282Z","8","(918)-748-9742","(190)-582-2966","SSN","228-94-5492","https://randomuser.me/api/portraits/men/72.jpg","https://randomuser.me/api/portraits/med/men/72.jpg","https://randomuser.me/api/portraits/thumb/men/72.jpg","US"
"female","Mrs","Michele","Ramirez","8864","Hamilton Ave","Forney","Maryland","United States","87380","2.9462","-53.2283","-3:00","Brazil, Buenos Aires, Georgetown","michele.ramirez@example.com","971b24a7-ca6a-4806-b634-05b20ccd80aa","brownmeercat595","madness","WQkwfrzX","b2f83dc43f7766f1e116b5b49cae13d7","4e1b1fb6f7020437492a714caafb47b3607334b2","e743988e7d58c4204e7fe19221a2ca702eb9cd7d36c066f402126e4630891dde","1982-12-03T09:58:42.152Z","39","2011-05-13T23:05:56.579Z","10","(510)-111-9254","(328)-882-7691","SSN","893-09-0428","https://randomuser.me/api/portraits/women/86.jpg","https://randomuser.me/api/portraits/med/women/86.jpg","https://randomuser.me/api/portraits/thumb/women/86.jpg","US"
"female","Miss","Melinda","Carlson","8801","W Campbell Ave","Phoenix","Rhode Island","United States","47656","-11.6259","-66.5911","-12:00","Eniwetok, Kwajalein","melinda.carlson@example.com","3d740c75-4417-4f70-94a8-d3b25fef1659","whitemouse492","festival","wi2H3moM","0f708b9e10458f9d37dd95ab30c4f6aa","23215b0cafbe35254f442dcc2d401b6df7ae5102","c0335f9e4c9b5209aab3ac3d482c6820b926cfa9f8fda74b6da918c753a1c2e7","1963-06-19T10:29:39.552Z","58","2004-04-30T13:31:12.388Z","17","(482)-265-1283","(091)-750-5709","SSN","218-26-2708","https://randomuser.me/api/portraits/women/19.jpg","https://randomuser.me/api/portraits/med/women/19.jpg","https://randomuser.me/api/portraits/thumb/women/19.jpg","US"
"male","Mr","Andy","Prescott","7295","Marsh Ln","Santa Ana","Delaware","United States","22717","6.6144","-33.9111","+9:30","Adelaide, Darwin","andy.prescott@example.com","d824503f-d676-4506-b981-f3c288f1b709","ticklishbird511","holly","1bFWp2h5","c5d448d3d6d6fde0c08f95ab14a5a3b2","737481b96e2204e757ae14dfad4871c7bc593f84","fd72948c0f6a0597335007f285bbf6bc7e5c29bcbed24476de74aab1641773db","1951-08-20T11:16:47.878Z","70","2017-01-25T11:02:03.337Z","4","(176)-925-2500","(848)-233-4168","SSN","022-15-2177","https://randomuser.me/api/portraits/men/71.jpg","https://randomuser.me/api/portraits/med/men/71.jpg","https://randomuser.me/api/portraits/thumb/men/71.jpg","US"
"male","Mr","George","Hernandez","111","Saddle Dr","Durham","Washington","United States","98029","2.3605","-32.7644","-5:00","Eastern Time (US & Canada), Bogota, Lima","george.hernandez@example.com","62bbecf9-9757-4d59-bbbe-fa646ec488d8","yellowpanda881","juggalo","weqKfkF8","526882594a8b9620e9edd872d3715822","ef0747a467d4215ad0fe71e43d524769202597a6","62167a9ec52dea5f9ec5d55d797a9cb20b1f35ac2c42feccf7fecea76cb5a7a0","1985-01-09T06:49:27.379Z","36","2017-06-12T14:57:11.288Z","4","(606)-497-1293","(679)-365-4972","SSN","156-66-3623","https://randomuser.me/api/portraits/men/17.jpg","https://randomuser.me/api/portraits/med/men/17.jpg","https://randomuser.me/api/portraits/thumb/men/17.jpg","US"
"female","Miss","Rosemary","Hansen","282","Pecan Acres Ln","Shelby","Florida","United States","76869","65.8148","-161.5883","+2:00","Kaliningrad, South Africa","rosemary.hansen@example.com","2f481311-43d7-427c-89c9-59eed2822ee6","sadbear636","handball","5QAPRvT9","052c51a499ce8682673ef307f71b0ddb","386ee9cf9248d4d6a3295a35a85c995499d17247","d49f9ea41fdb9b7d0cfd32655277b2cf7d11e4276395280b4a727636aad5c0b8","1970-06-23T01:33:58.637Z","51","2012-11-08T16:05:47.054Z","9","(400)-324-0244","(287)-417-8396","SSN","286-24-3214","https://randomuser.me/api/portraits/women/17.jpg","https://randomuser.me/api/portraits/med/women/17.jpg","https://randomuser.me/api/portraits/thumb/women/17.jpg","US"
"male","Mr","Ernest","Payne","4225","Smokey Ln","Vancouver","Utah","United States","59532","12.2441","-97.5964","-11:00","Midway Island, Samoa","ernest.payne@example.com","f92637b4-82fe-4a53-913d-cd14d80b3e79","happydog708","beemer","bW43sFLU","55564e20d2dde35949e72205d5b813b2","b9a575cd4e8c4ea9962eb69542bff42ac7a7a818","fa7e245c4fc7f7c8395713929d91aca5837ad0368749b271f168e7335f33f0ea","1969-04-18T12:58:54.082Z","52","2004-05-15T00:28:55.378Z","17","(397)-542-7907","(345)-516-2195","SSN","705-43-6810","https://randomuser.me/api/portraits/men/46.jpg","https://randomuser.me/api/portraits/med/men/46.jpg","https://randomuser.me/api/portraits/thumb/men/46.jpg","US"
"female","Ms","Dianne","White","9305","E Pecan St","Rio Rancho","Connecticut","United States","95163","28.0292","83.6385","-3:30","Newfoundland","dianne.white@example.com","052609b9-d9ea-48a5-8cf0-e3d421d2e8cb","goldenfish136","clutch","MmIXgFaA","9a283a740037f534b11ea57e9c10defa","f39eaa05435d350b288c2a542cf97ec04c484a8b","714d8d46224c2f3b6b3c9a35dfa9110a2a1f123c26f838c2cb72c3d6d222dd55","1993-11-21T11:08:25.277Z","28","2010-09-16T01:01:49.532Z","11","(212)-289-9700","(504)-732-4409","SSN","121-63-8282","https://randomuser.me/api/portraits/women/28.jpg","https://randomuser.me/api/portraits/med/women/28.jpg","https://randomuser.me/api/portraits/thumb/women/28.jpg","US"
"male","Mr","Willie","Bell","8270","Plum St","Anna","Oklahoma","United States","61946","44.6658","89.8080","-1:00","Azores, Cape Verde Islands","willie.bell@example.com","70c2f880-e5ba-4707-bfb9-33e8d3e6a75a","silversnake360","bite","TLgTxSpz","e5d19f2785830e2a540a9a54e9a5ebe5","ec9e8a0a92dd9754e987744d5b71733543ff387a","42eba3fe25f865a186168146dffafb5985051b3e4cb6ec3d0a4e41f49484b8a4","1958-07-18T23:43:56.412Z","63","2009-12-08T00:14:08.697Z","12","(453)-204-5174","(579)-248-4122","SSN","590-65-2115","https://randomuser.me/api/portraits/men/90.jpg","https://randomuser.me/api/portraits/med/men/90.jpg","https://randomuser.me/api/portraits/thumb/men/90.jpg","US"
"female","Mrs","Sophie","Edwards","1109","Wycliff Ave","Lewiston","Montana","United States","94371","-58.8367","-74.1016","-4:00","Atlantic Time (Canada), Caracas, La Paz","sophie.edwards@example.com","5f4176b5-1e21-47c1-94a9-ad297436ca66","purpleduck706","dogcat","oTEwZXTN","a087431f668475603f7a0cc6518b4d25","1bc234498b1822a7a6a1070e62ff6ddf6b5fc054","91a9dea6c41ccb7646cd56430b490f28300941a39d14d435a4e5c5ad1796da3c","1969-03-20T11:07:23.652Z","52","2016-08-03T08:12:13.951Z","5","(005)-148-0186","(719)-695-5574","SSN","921-66-0329","https://randomuser.me/api/portraits/women/79.jpg","https://randomuser.me/api/portraits/med/women/79.jpg","https://randomuser.me/api/portraits/thumb/women/79.jpg","US"
"male","Mr","Jesse","Burns","8437","Spring St","Louisville","Oregon","United States","74129","78.5439","66.4275","-7:00","Mountain Time (US & Canada)","jesse.burns@example.com","3180b53c-8429-4f2d-8e1d-ae4e5c4d423e","lazyfish938","090909","YmkSQKdA","4b06c848bb3bf96f4e5a2659a3b1161e","50ba8840902376378c491f21ca748e60bef6a688","02859b226bc810ae7924f5c1965e0c3c6f47fcd131dd9c3b792a8ccd2ce00c6c","1975-01-03T21:26:40.439Z","46","2004-07-11T05:02:33.676Z","17","(222)-955-8050","(913)-409-6389","SSN","771-69-3574","https://randomuser.me/api/portraits/men/34.jpg","https://randomuser.me/api/portraits/med/men/34.jpg","https://randomuser.me/api/portraits/thumb/men/34.jpg","US"
"male","Mr","Nathan","Wood","5718","Karen Dr","Grand Prairie","North Dakota","United States","44510","-49.7955","-108.9681","+5:45","Kathmandu","nathan.wood@example.com","7e30a550-f03a-444d-95da-d93b575d669a","whiteladybug343","hounddog","C005FZS1","519f124f2f2d6c5c3a88e6cb171ea5e5","b12f5b0ede4fedbfefaebdb3de7cc7692a868476","6e8320231fd76cd47953b4aae2a00eda2f599acf90427b179ea37d8730010b25","1968-05-20T03:26:15.999Z","53","2006-09-28T23:55:03.209Z","15","(332)-084-1524","(469)-123-9360","SSN","456-67-5683","https://randomuser.me/api/portraits/men/2.jpg","https://randomuser.me/api/portraits/med/men/2.jpg","https://randomuser.me/api/portraits/thumb/men/2.jpg","US"
"male","Mr","Tony","Boyd","9458","Cherry St","Santa Ana","Maryland","United States","40263","-54.7324","22.1114","+2:00","Kaliningrad, South Africa","tony.boyd@example.com","a387546b-9b55-44b0-868b-6e08db13abab","sadwolf838","vixen","nS8ivNWR","abf9fe47754f5b5a65ed6f9f897bcb3d","00a0ad27a58549c50659ea2e2f0df6e767b48226","fdb412f8b0e7acc3f454a7ab6bc66b40260962b7e631e3233a658dc98179f762","1964-07-14T21:55:30.148Z","57","2016-12-08T07:43:56.006Z","5","(134)-415-8511","(156)-991-8840","SSN","345-34-3122","https://randomuser.me/api/portraits/men/56.jpg","https://randomuser.me/api/portraits/med/men/56.jpg","https://randomuser.me/api/portraits/thumb/men/56.jpg","US"
"male","Mr","Lee","Larson","9811","Stevens Creek Blvd","Albany","West Virginia","United States","98143","-11.4900","-117.7136","-12:00","Eniwetok, Kwajalein","lee.larson@example.com","bad423ad-73ba-45d1-b88b-fa5d18ebe4ae","tinylion201","joker","lmP3WXHW","2d4d3078bda2040541d3fcb7860d7d8b","e12dfd6cf841e02237fef772ec2b446e7048e28e","9065bd35c6c7cde906b25477f8e2485164dbb8a6cdc8df09c915b0ecf18e7618","1970-07-13T09:32:36.856Z","51","2007-10-20T21:59:51.938Z","14","(526)-607-5126","(852)-219-5663","SSN","430-60-6841","https://randomuser.me/api/portraits/men/89.jpg","https://randomuser.me/api/portraits/med/men/89.jpg","https://randomuser.me/api/portraits/thumb/men/89.jpg","US"
"female","Miss","Jill","Day","9432","Photinia Ave","Lousville","Delaware","United States","82849","49.0566","-91.4023","-7:00","Mountain Time (US & Canada)","jill.day@example.com","f888e318-90bf-4b90-93bf-46c2638ceb71","lazyfrog340","horseman","DQfPoIos","184d49a345fd8061091f5f0d910ad9fe","ff143e26a37cf9ec6040051c193171b26399def9","1b0243c4b1d3bbb16d4820eb46a6bf4561f360dad555f54afdb6ae32f585715e","1958-04-13T07:54:44.552Z","63","2006-09-21T15:41:46.754Z","15","(002)-792-2707","(736)-864-1338","SSN","690-85-6218","https://randomuser.me/api/portraits/women/61.jpg","https://randomuser.me/api/portraits/med/women/61.jpg","https://randomuser.me/api/portraits/thumb/women/61.jpg","US"
"male","Mr","Logan","Bradley","6227","Hickory Creek Dr","Shiloh","Wisconsin","United States","68909","84.2008","161.9090","+2:00","Kaliningrad, South Africa","logan.bradley@example.com","348d3bdb-8903-4b49-b3fc-75fd5ba87e4f","purplewolf700","feather","R09fOktW","94408f1fefc3b4d96bc9ee7d398c0ce3","bd040e4b8e76824937bb8edc7f6e133a727305eb","cee84d3b3f76d9a2afad4f074f5eb53679e4700bbdf390c227b13103a701b846","1983-09-13T07:12:29.197Z","38","2003-03-25T16:05:45.657Z","18","(494)-424-5421","(700)-933-4063","SSN","035-56-3659","https://randomuser.me/api/portraits/men/16.jpg","https://randomuser.me/api/portraits/med/men/16.jpg","https://randomuser.me/api/portraits/thumb/men/16.jpg","US"
"male","Mr","Bryan","Harper","718","Valley View Ln","Broken Arrow","Oklahoma","United States","62779","23.1669","53.1269","+3:30","Tehran","bryan.harper@example.com","5cd5cbbb-03cf-476c-85dd-36926eb06a08","yellowgorilla724","heart","jsQjsvqv","f986b9c2c26809380cea359a0c0d711e","6de135e9f4a1c9a449fd8ad85e638afdfd3afeef","f61043388b5288533e4637bf94d2a99f15b433e0650105fa01ddc0c8385e914b","1958-09-01T06:41:38.131Z","63","2016-01-27T19:01:10.982Z","5","(997)-887-9466","(932)-585-5307","SSN","363-67-1782","https://randomuser.me/api/portraits/men/54.jpg","https://randomuser.me/api/portraits/med/men/54.jpg","https://randomuser.me/api/portraits/thumb/men/54.jpg","US"
"male","Mr","Ralph","Lawrence","657","Walnut Hill Ln","San Antonio","Nevada","United States","70842","48.9860","89.9593","-4:00","Atlantic Time (Canada), Caracas, La Paz","ralph.lawrence@example.com","e28f0d50-443f-4120-9e52-9c165034b34c","whitetiger196","lawman","x25MvstP","e95b5b42f1b877a927d0fdfe65929cb4","11d15a09759f79f7612e9f9fb44b41fc9d79eb70","9b44d8ea0419a54f211e8bad9fad28b444567c37f813825952e2b85adc36b331","1995-10-26T12:03:08.405Z","26","2006-12-24T10:43:02.651Z","15","(254)-573-5933","(530)-054-2158","SSN","250-26-2084","https://randomuser.me/api/portraits/men/25.jpg","https://randomuser.me/api/portraits/med/men/25.jpg","https://randomuser.me/api/portraits/thumb/men/25.jpg","US"
"female","Miss","Genesis","Peters","8229","E North St","Utica","Hawaii","United States","36791","25.3328","-152.3134","-12:00","Eniwetok, Kwajalein","genesis.peters@example.com","f9967ac6-d6e1-4de0-8b89-043d31593c2f","purplefish644","sneaky","CJAKy5jF","ffffaa14c01f56a3e2a3a7e986760a0a","a6eab3c0480abf866172fae1f96185af54178160","b44e9b8f1f3d4c20d2e7fca6fcfd2be21e9ca2c196fa2abc009278fad282cdd4","1988-08-08T14:17:52.769Z","33","2012-09-18T05:26:35.945Z","9","(356)-590-8053","(788)-852-4935","SSN","010-31-8515","https://randomuser.me/api/portraits/women/8.jpg","https://randomuser.me/api/portraits/med/women/8.jpg","https://randomuser.me/api/portraits/thumb/women/8.jpg","US"
"female","Ms","Minnie","Lane","453","W Pecan St","Irvine","Delaware","United States","28945","-83.8686","162.2350","+9:00","Tokyo, Seoul, Osaka, Sapporo, Yakutsk","minnie.lane@example.com","a96705d5-ceb0-42d5-8941-1b7fe7cb8e87","blackfish115","1983","t5T6n5oM","592385f14bf5668b995d57b45fd3fb39","3d703c66bcc1205caccf4b41c5b94b99dd7d2fa5","655c8abf3f2e06cd0483529ad00321b14125b99ac2edeb2aef92d4901f513930","1979-02-23T13:19:52.397Z","42","2013-04-27T06:33:32.685Z","8","(983)-857-0633","(488)-590-6002","SSN","069-37-8218","https://randomuser.me/api/portraits/women/73.jpg","https://randomuser.me/api/portraits/med/women/73.jpg","https://randomuser.me/api/portraits/thumb/women/73.jpg","US"
